{
    "Train": {
        "loss": 0.24152524769306183,
        "accuracy": 0.949999988079071
    },
    "epoch": 100,
    "step": 19600,
    "Val": {
        "loss": 1.978325605392456,
        "accuracy": 0.6672000288963318
    },
    "Test": {
        "loss": 2.1645431518554688,
        "accuracy": 0.6417999863624573
    }
}