{
    "Val": {
        "loss": 2.6150126457214355,
        "accuracy": 0.524399995803833
    },
    "epoch": 100,
    "step": 2000,
    "Train": {
        "loss": 0.1391751617193222,
        "accuracy": 0.9558823704719543
    },
    "Test": {
        "loss": 2.5956850051879883,
        "accuracy": 0.5443999767303467
    }
}