{
    "Train": {
        "loss": 0.030079569667577744,
        "accuracy": 0.987500011920929
    },
    "epoch": 100,
    "step": 39100,
    "Val": {
        "loss": 1.4183300733566284,
        "accuracy": 0.7684000134468079
    },
    "Test": {
        "loss": 1.5236916542053223,
        "accuracy": 0.7572000026702881
    }
}