{
    "Train": {
        "loss": 0.008479087613523006,
        "accuracy": 1.0
    },
    "epoch": 100,
    "step": 19600,
    "Val": {
        "loss": 1.778065800666809,
        "accuracy": 0.7125999927520752
    },
    "Test": {
        "loss": 1.8815174102783203,
        "accuracy": 0.7111999988555908
    }
}