{
    "Train": {
        "loss": 0.003974579274654388,
        "accuracy": 1.0
    },
    "epoch": 100,
    "step": 19600,
    "Val": {
        "loss": 2.0929665565490723,
        "accuracy": 0.6567999720573425
    },
    "Test": {
        "loss": 2.194908380508423,
        "accuracy": 0.6480000019073486
    }
}