{
    "Val": {
        "loss": 2.914550542831421,
        "accuracy": 0.4569999873638153
    },
    "epoch": 100,
    "step": 400,
    "Train": {
        "loss": 8.918649837141857e-05,
        "accuracy": 1.0
    },
    "Test": {
        "loss": 2.823728084564209,
        "accuracy": 0.4726000130176544
    }
}