{
    "Val": {
        "loss": 2.1464359760284424,
        "accuracy": 0.6123999953269958
    },
    "epoch": 100,
    "step": 4000,
    "Train": {
        "loss": 0.0650516152381897,
        "accuracy": 1.0
    },
    "Test": {
        "loss": 2.246856689453125,
        "accuracy": 0.5950000286102295
    }
}