{
    "Train": {
        "loss": 0.024440143257379532,
        "accuracy": 0.987500011920929
    },
    "epoch": 100,
    "step": 39100,
    "Val": {
        "loss": 1.5015647411346436,
        "accuracy": 0.7319999933242798
    },
    "Test": {
        "loss": 1.6057069301605225,
        "accuracy": 0.7129999995231628
    }
}