{
    "Val": {
        "loss": 2.9717421531677246,
        "accuracy": 0.3163999915122986
    },
    "epoch": 100,
    "step": 400,
    "Train": {
        "loss": 2.8792492230422795e-05,
        "accuracy": 1.0
    },
    "Test": {
        "loss": 2.946218967437744,
        "accuracy": 0.337799996137619
    }
}