{
    "Val": {
        "loss": 2.9879133701324463,
        "accuracy": 0.44179999828338623
    },
    "epoch": 100,
    "step": 400,
    "Train": {
        "loss": 0.0001899814378703013,
        "accuracy": 1.0
    },
    "Test": {
        "loss": 2.9373557567596436,
        "accuracy": 0.46299999952316284
    }
}