{
    "Train": {
        "loss": 0.08442671597003937,
        "accuracy": 0.9750000238418579
    },
    "epoch": 100,
    "step": 39100,
    "Val": {
        "loss": 1.5539277791976929,
        "accuracy": 0.7581999897956848
    },
    "Test": {
        "loss": 1.6665253639221191,
        "accuracy": 0.7437999844551086
    }
}