{
    "Val": {
        "loss": 2.4963841438293457,
        "accuracy": 0.5054000020027161
    },
    "epoch": 100,
    "step": 4000,
    "Train": {
        "loss": 0.39870789647102356,
        "accuracy": 0.875
    },
    "Test": {
        "loss": 2.5788044929504395,
        "accuracy": 0.5012000203132629
    }
}