{
    "Val": {
        "loss": 2.617001533508301,
        "accuracy": 0.4991999864578247
    },
    "epoch": 100,
    "step": 4000,
    "Train": {
        "loss": 0.016551408916711807,
        "accuracy": 1.0
    },
    "Test": {
        "loss": 2.7233407497406006,
        "accuracy": 0.487199991941452
    }
}