{
    "Train": {
        "loss": 0.0008460312965326011,
        "accuracy": 1.0
    },
    "epoch": 100,
    "step": 39100,
    "Val": {
        "loss": 1.578222632408142,
        "accuracy": 0.7436000108718872
    },
    "Test": {
        "loss": 1.6626935005187988,
        "accuracy": 0.7332000136375427
    }
}