{
    "Val": {
        "loss": 2.5129008293151855,
        "accuracy": 0.5834000110626221
    },
    "epoch": 100,
    "step": 2000,
    "Train": {
        "loss": 0.0005604843026958406,
        "accuracy": 1.0
    },
    "Test": {
        "loss": 2.584959030151367,
        "accuracy": 0.5759999752044678
    }
}