{
    "Train": {
        "loss": 0.038309961557388306,
        "accuracy": 0.9750000238418579
    },
    "epoch": 100,
    "step": 19600,
    "Val": {
        "loss": 1.7440685033798218,
        "accuracy": 0.7139999866485596
    },
    "Test": {
        "loss": 1.8826326131820679,
        "accuracy": 0.7103999853134155
    }
}