{
    "Val": {
        "loss": 2.9564549922943115,
        "accuracy": 0.32100000977516174
    },
    "epoch": 100,
    "step": 400,
    "Train": {
        "loss": 2.8139045753050596e-05,
        "accuracy": 1.0
    },
    "Test": {
        "loss": 2.9259419441223145,
        "accuracy": 0.32499998807907104
    }
}