{
    "Val": {
        "loss": 3.5845024585723877,
        "accuracy": 0.45260000228881836
    },
    "epoch": 100,
    "step": 2000,
    "Train": {
        "loss": 2.809559191518929e-05,
        "accuracy": 1.0
    },
    "Test": {
        "loss": 3.693471908569336,
        "accuracy": 0.44780001044273376
    }
}