{
    "Val": {
        "loss": 2.190136194229126,
        "accuracy": 0.5960000157356262
    },
    "epoch": 100,
    "step": 4000,
    "Train": {
        "loss": 0.07766134291887283,
        "accuracy": 1.0
    },
    "Test": {
        "loss": 2.2907776832580566,
        "accuracy": 0.5885999798774719
    }
}