{
    "Val": {
        "loss": 3.336225748062134,
        "accuracy": 0.4474000036716461
    },
    "epoch": 100,
    "step": 2000,
    "Train": {
        "loss": 0.0002550968492869288,
        "accuracy": 1.0
    },
    "Test": {
        "loss": 3.3127758502960205,
        "accuracy": 0.4519999921321869
    }
}