step	accuracy
49	0.6640625
99	0.9117646813392639
149	0.90625
199	0.970588207244873
249	0.9765625
299	0.9558823704719543
349	0.9765625
399	0.9558823704719543
449	0.984375
499	0.970588207244873
549	0.984375
599	1.0
649	1.0
699	0.9558823704719543
749	1.0
799	0.9852941036224365
849	0.9921875
899	1.0
949	1.0
999	1.0
1049	1.0
1099	1.0
1149	1.0
1199	1.0
1249	1.0
1299	1.0
1349	1.0
1399	1.0
1449	1.0
1499	1.0
1549	1.0
1599	1.0
1649	1.0
1699	1.0
1749	1.0
1799	1.0
1849	1.0
1899	1.0
1949	1.0
1999	1.0
