step	accuracy
49	0.7109375
99	0.8088235259056091
149	0.96875
199	0.9852941036224365
249	0.96875
299	0.9411764740943909
349	0.984375
399	1.0
449	1.0
499	1.0
549	1.0
599	1.0
649	0.9921875
699	0.970588207244873
749	1.0
799	1.0
849	1.0
899	1.0
949	1.0
999	1.0
1049	1.0
1099	1.0
1149	1.0
1199	1.0
1249	1.0
1299	1.0
1349	1.0
1399	1.0
1449	1.0
1499	0.9558823704719543
1549	0.984375
1599	1.0
1649	1.0
1699	1.0
1749	1.0
1799	1.0
1849	1.0
1899	1.0
1949	1.0
1999	1.0
