step	loss
49	0.055722035467624664
99	0.0014561464777216315
149	0.0008032498299144208
199	0.0005262449267320335
249	0.00019628155860118568
299	0.00021891415235586464
349	0.0001831016270443797
399	0.0001899814378703013
