step	loss
49	0.0002913758216891438
99	0.00012001072173006833
149	7.46308796806261e-05
199	0.0001307007623836398
249	5.6723809393588454e-05
299	6.0367317928466946e-05
349	3.450743679422885e-05
399	2.8792492230422795e-05
