step	loss
49	0.0003407584154047072
99	0.00012697515194304287
149	8.854587213136256e-05
199	6.152893183752894e-05
249	5.684714415110648e-05
299	4.8239046009257436e-05
349	5.051768312114291e-05
399	2.8139045753050596e-05
