step	loss
49	0.048002973198890686
99	0.0012874772073701024
149	0.0008688921807333827
199	0.0007339956355281174
249	0.0002543001319281757
299	0.00029721049941144884
349	0.0002167732163798064
399	8.918649837141857e-05
